max_words,overlap_words,retriever,recall_at_1,recall_at_3,recall_at_5,recall_at_10,mrr,plain_recall_at_5,manual_wording_recall_at_5,chunks,context_words_top_k,index_build_seconds,search_seconds_per_query
150,30,bm25,0.7,0.84,0.88,0.92,0.7713809523809525,0.4,1.0,1638,719.16,138.835196018219,1.4039478794733684
150,30,dense,0.74,0.84,0.88,0.94,0.8060555555555555,0.5,0.975,1638,723.18,138.835196018219,1.4039478794733684
150,30,hybrid,0.82,0.9,0.9,0.94,0.86,0.5,1.0,1638,721.56,138.835196018219,1.4039478794733684
300,0,bm25,0.74,0.84,0.88,0.96,0.7993571428571429,0.4,1.0,782,1380.08,66.22009253501892,1.4033844868342082
300,0,dense,0.74,0.88,0.9,0.92,0.8131666666666666,0.7,0.95,782,1387.98,66.22009253501892,1.4033844868342082
300,0,hybrid,0.78,0.88,0.9,0.96,0.829857142857143,0.5,1.0,782,1388.1,66.22009253501892,1.4033844868342082
300,40,bm25,0.76,0.82,0.88,0.96,0.8055,0.4,1.0,851,1385.76,0.0010061264038085938,1.4025495513280233
300,40,dense,0.7,0.86,0.9,0.96,0.7910238095238096,0.7,0.95,851,1394.58,0.0010061264038085938,1.4025495513280233
300,40,hybrid,0.76,0.9,0.92,0.96,0.8293571428571428,0.6,1.0,851,1393.16,0.0010061264038085938,1.4025495513280233
500,60,bm25,0.76,0.84,0.88,0.92,0.8080000000000002,0.4,1.0,577,2198.1,51.958245038986206,1.4011549933751424
500,60,dense,0.74,0.84,0.92,0.92,0.8023333333333332,0.7,0.975,577,2109.02,51.958245038986206,1.4011549933751424
500,60,hybrid,0.76,0.86,0.92,0.96,0.8301904761904763,0.6,1.0,577,2166.94,51.958245038986206,1.4011549933751424
800,80,bm25,0.74,0.86,0.9,0.94,0.8107460317460317,0.5,1.0,444,3327.32,40.50773000717163,1.4016466283798217
800,80,dense,0.8,0.88,0.94,0.94,0.8473333333333334,0.8,0.975,444,2820.82,40.50773000717163,1.4016466283798217
800,80,hybrid,0.78,0.92,0.94,0.96,0.8483333333333333,0.7,1.0,444,3153.5,40.50773000717163,1.4016466283798217
